{"cameraMode":{"drawMode":0,"name":"Shaded","section":"Shading Mode"},"sceneLighting":true,"audioPlay":false,"sceneViewState":{"showFog":true,"showMaterialUpdate":false,"showSkybox":true,"showFlares":true,"showImageEffects":true,"showParticleSystems":true},"in2DMode":false,"pivot":{"x":77.81415557861328,"y":18.10026741027832,"z":90.54086303710938},"rotation":{"x":-0.029803641140460969,"y":0.9633665084838867,"z":-0.12086779624223709,"w":-0.23754535615444184},"size":128.6617431640625,"orthographic":false}